{
  "meta": {
    "students": 12000,
    "institutions": 8,
    "countries": 8,
    "model_name": "Hybrid LSTM-RF Model"
  },
  "cards": {
    "accuracy": 0.6925,
    "f1": 0.8079125455491931,
    "auc": 0.6831648784449724,
    "kappa": 0.11065050251861841
  },
  "model_comparison": {
    "labels": [
      "LSTM",
      "Random Forest",
      "Ensemble",
      "Final Weighted"
    ],
    "accuracy": [
      0.6904166666666667,
      0.6408333333333334,
      0.6966666666666667,
      0.6925
    ],
    "f1": [
      0.8003224939532384,
      0.7497096399535423,
      0.8073054526204341,
      0.8079125455491931
    ],
    "auc": [
      0.6076998011415826,
      0.6121350367904188,
      0.6777502570333676,
      0.6831648784449724
    ]
  },
  "confusion_matrix": {
    "z": [
      [
        1,
        18
      ],
      [
        2,
        9
      ]
    ],
    "x": [
      "Predicted Failure",
      "Predicted Success"
    ],
    "y": [
      "Actual Failure",
      "Actual Success"
    ]
  },
  "roc": {
    "final": {
      "fpr": [
        0.0,
        0.0,
        0.15789473684210525,
        0.15789473684210525,
        0.42105263157894735,
        0.42105263157894735,
        0.47368421052631576,
        0.47368421052631576,
        0.5263157894736842,
        0.5263157894736842,
        0.8947368421052632,
        0.8947368421052632,
        0.9473684210526315,
        0.9473684210526315,
        1.0,
        1.0
      ],
      "tpr": [
        0.0,
        0.09090909090909091,
        0.09090909090909091,
        0.18181818181818182,
        0.18181818181818182,
        0.2727272727272727,
        0.2727272727272727,
        0.36363636363636365,
        0.36363636363636365,
        0.6363636363636364,
        0.6363636363636364,
        0.7272727272727273,
        0.7272727272727273,
        0.8181818181818182,
        0.8181818181818182,
        1.0
      ],
      "auc": 0.411
    },
    "lstm": {
      "fpr": [
        0.0,
        0.0,
        0.05263157894736842,
        0.05263157894736842,
        0.10526315789473684,
        0.10526315789473684,
        0.47368421052631576,
        0.47368421052631576,
        0.5789473684210527,
        0.5789473684210527,
        0.7368421052631579,
        0.7368421052631579,
        0.9473684210526315,
        0.9473684210526315,
        1.0
      ],
      "tpr": [
        0.0,
        0.09090909090909091,
        0.09090909090909091,
        0.18181818181818182,
        0.18181818181818182,
        0.36363636363636365,
        0.36363636363636365,
        0.45454545454545453,
        0.45454545454545453,
        0.6363636363636364,
        0.6363636363636364,
        0.8181818181818182,
        0.8181818181818182,
        1.0,
        1.0
      ],
      "auc": 0.522
    },
    "rf": {
      "fpr": [
        0.0,
        0.0,
        0.2631578947368421,
        0.2631578947368421,
        0.42105263157894735,
        0.42105263157894735,
        0.5263157894736842,
        0.5263157894736842,
        0.631578947368421,
        0.631578947368421,
        1.0,
        1.0
      ],
      "tpr": [
        0.0,
        0.09090909090909091,
        0.09090909090909091,
        0.18181818181818182,
        0.18181818181818182,
        0.2727272727272727,
        0.2727272727272727,
        0.5454545454545454,
        0.5454545454545454,
        0.7272727272727273,
        0.7272727272727273,
        1.0
      ],
      "auc": 0.407
    }
  },
  "engagement": {
    "weeks": [
      "Week 1",
      "Week 2",
      "Week 3",
      "Week 4",
      "Week 5",
      "Week 6",
      "Week 7",
      "Week 8",
      "Week 9",
      "Week 10",
      "Week 11",
      "Week 12",
      "Week 13",
      "Week 14",
      "Week 15",
      "Week 16"
    ],
    "successful": [
      0.00480651314335,
      -0.03324392633720775,
      -0.004859612611512386,
      0.004197944568503312,
      -0.021960914400836737,
      -0.03643632062653317,
      -0.004708121814797806,
      -0.02999906639774152,
      0.031050717383250225,
      -0.01886916554835946,
      -0.06552104390796369,
      0.00015460610891944007,
      -0.029137418959167202,
      -0.020027612648763116,
      -0.026932259734909904,
      -0.018697311577648094
    ],
    "failed": [
      -0.002635731694834921,
      0.00021428327356006645,
      -0.005647416803782514,
      0.02703049071416412,
      -0.020959083772152748,
      0.021519940047790793,
      0.015619783237749258,
      -0.004216515002347273,
      0.05320267635357295,
      -0.0073014258857266165,
      -0.003081153476750301,
      -0.0035515533608634756,
      0.007311349697696242,
      0.004933566085645294,
      0.0031917070054369922,
      -0.008665819024083074
    ],
    "intl": [
      9.309141249955235e-05,
      -0.0120537269170548,
      -0.005358555266616801,
      0.018658557127421822,
      -0.02132642166933688,
      0.0002693111338720043,
      0.008166218051815338,
      -0.013670117180658498,
      0.04508029139778795,
      -0.011542930428691993,
      -0.02597577996819521,
      -0.0021926282219430727,
      -0.0060531988098203576,
      -0.004218866116971123,
      -0.007853747466023539,
      -0.012344032960390246
    ]
  },
  "country_success": {
    "countries": [
      "Nigeria",
      "USA",
      "Italy",
      "India",
      "Brazil",
      "UAE",
      "Latvia",
      "Sri_Lanka"
    ],
    "success": [
      0.6468646864686468,
      0.6655844155844156,
      0.6753731343283582,
      0.6825396825396826,
      0.6946308724832215,
      0.696969696969697,
      0.7104377104377104,
      0.7133757961783439
    ]
  },
  "cultural_distance": {
    "bins": [
      "0-0.2",
      "0.2-0.4",
      "0.4-0.6",
      "0.6-0.8",
      "0.8-1.0"
    ],
    "success": [
      0.6876310272536688,
      0.6776699029126214,
      0.6960352422907489,
      0.6752475247524753,
      0.6948775055679287
    ]
  },
  "shap": {
    "features": [
      "cultural_language_interaction",
      "attendance_rate",
      "academic_readiness",
      "adaptation_difficulty",
      "cultural_distance",
      "gpa_prev",
      "age",
      "language_proficiency",
      "support_effectiveness",
      "socio_econ_status"
    ],
    "importance": [
      0.11051203133771917,
      0.1101407774671494,
      0.1048086128448056,
      0.10242372074017708,
      0.09803265333838054,
      0.09437303540005267,
      0.07496109896908294,
      0.0727957937327629,
      0.06928489736965035,
      0.03826122744767656
    ]
  },
  "fairness": {
    "gender_counts": [
      45,
      12,
      38,
      15,
      4,
      1
    ],
    "ses_levels": [
      "Level 1",
      "Level 2",
      "Level 3",
      "Level 4",
      "Level 5"
    ],
    "ses_success": [
      0.7021276595744681,
      0.6719817767653758,
      0.6762886597938145,
      0.7041666666666667,
      0.6722338204592901
    ],
    "ses_acc": [
      0.7117988394584139,
      0.683371298405467,
      0.6804123711340206,
      0.7020833333333333,
      0.6826722338204593
    ],
    "spd": 0.08,
    "eod": 0.06,
    "di": 0.89
  },
  "risk_distribution": {
    "labels": [
      "High Risk",
      "Medium Risk",
      "Low Risk"
    ],
    "values": [
      0,
      15,
      15
    ]
  }
}